2022-01-27,13:25:13
2022-01-27,13:25:03
2022-01-27,13:23:24
2022-01-27,13:22:48
2022-01-27,13:22:06
2022-01-27,12:46:17
2022-01-27,12:46:05
2022-01-27,12:42:40
2022-01-27,12:31:05
2022-01-27,12:29:59
2022-01-27,12:21:43
2022-01-27,12:19:46
2022-01-27,12:10:50
2022-01-27,12:10:37
2022-01-27,11:57:11
2022-01-27,11:52:30
2022-01-27,11:52:15
2022-01-27,11:51:27
2022-01-27,11:51:08
2022-01-27,11:46:23
2022-01-27,11:45:38
2022-01-27,11:45:21
2022-01-27,11:44:20
2022-01-27,11:38:48
2022-01-27,11:38:09
2022-01-27,11:30:33
2022-01-27,11:26:41
2022-01-27,11:25:21
2022-01-27,11:04:45
2022-01-27,11:04:17
